t,x,y,z,q0,q1,q2,q3
2.154,0.0,0.0,0.0,0.0,0.0,0.0,1.0
2.254,2e-05,-0.0,0.0,0.0,0.0,-0.0029,1.0
2.354,7e-05,-0.0,0.0,0.0,0.0,-0.0015,1.0
2.454,0.00012,-0.0,0.0,0.0,0.0,0.00239,1.0
2.554,0.00016,-0.0,0.0,0.0,0.0,0.00523,0.99999
2.654,0.0002,-0.0,0.0,0.0,0.0,-0.00013,1.0
2.754,0.00024,-0.0,0.0,0.0,0.0,0.00326,0.99999
2.854,0.00029,-0.0,0.0,0.0,0.0,-0.0012,1.0
2.954,0.00034,-0.0,0.0,0.0,0.0,0.00195,1.0
3.054,0.00038,-0.0,0.0,0.0,0.0,0.0009,1.0
3.154,0.00044,0.0,0.0,0.0,0.0,-0.00387,0.99999
3.254,0.00053,-0.0,0.0,0.0,0.0,-0.0019,1.0
3.354,0.00352,0.0,0.0,0.0,0.0,0.00035,1.0
3.454,0.01244,2e-05,0.0,0.0,0.0,0.00422,0.99999
3.554,0.0281,0.00013,0.0,0.0,0.0,0.00338,0.99999
3.654,0.05294,4e-05,0.0,0.0,0.0,-0.00641,0.99998
3.754,0.08611,5e-05,0.0,0.0,0.0,0.00125,1.0
3.854,0.1308,0.00054,0.0,0.0,0.0,0.00455,0.99999
3.954,0.18963,0.00088,0.0,0.0,0.0,0.00121,1.0
4.054,0.25922,0.00101,0.0,0.0,0.0,0.00877,0.99996
4.154,0.34016,0.00173,0.0,0.0,0.0,0.01592,0.99987
4.254,0.43037,0.00464,0.0,0.0,0.0,0.01632,0.99987
4.354,0.53067,0.00815,0.0,0.0,0.0,0.01509,0.99989
4.454,0.64133,0.01109,0.0,0.0,0.0,0.01429,0.9999
4.554,0.7605,0.01384,0.0,0.0,0.0,0.01009,0.99995
4.654,0.89039,0.01764,0.0,0.0,0.0,0.01698,0.99986
4.754,1.03226,0.02415,0.0,0.0,0.0,0.02218,0.99975
4.854,1.18497,0.03118,0.0,0.0,0.0,0.02386,0.99972
4.954,1.35103,0.03954,0.0,0.0,0.0,0.018,0.99984
5.054,1.53136,0.04762,0.0,0.0,0.0,0.01816,0.99984
5.154,1.7205,0.05762,0.0,0.0,0.0,0.02735,0.99963
5.254,1.92027,0.06795,0.0,0.0,0.0,0.03069,0.99953
5.354,2.13207,0.08157,0.0,0.0,0.0,0.02186,0.99976
5.454,2.35471,0.09129,0.0,0.0,0.0,0.02173,0.99976
5.554,2.59117,0.10233,0.0,0.0,0.0,0.01953,0.99981
5.654,2.84253,0.11311,0.0,0.0,0.0,0.02325,0.99973
5.754,3.10345,0.12647,0.0,0.0,0.0,0.01891,0.99982
5.854,3.37616,0.13514,0.0,0.0,0.0,0.01588,0.99987
5.954,3.66191,0.14629,0.0,0.0,0.0,0.01607,0.99987
6.054,3.95821,0.15705,0.0,0.0,0.0,0.01825,0.99983
6.154,4.26721,0.16959,0.0,0.0,0.0,0.02218,0.99975
6.254,4.5873,0.18226,0.0,0.0,0.0,0.00918,0.99996
6.354,4.92342,0.19072,0.0,0.0,0.0,0.00885,0.99996
6.454,5.26528,0.20335,0.0,0.0,0.0,0.01344,0.99991
6.554,5.61846,0.21536,0.0,0.0,0.0,0.01863,0.99983
6.654,5.98922,0.228,0.0,0.0,0.0,0.01709,0.99985
6.754,6.36221,0.24362,0.0,0.0,0.0,0.01636,0.99987
6.854,6.74549,0.25627,0.0,0.0,0.0,0.01962,0.99981
6.954,7.14059,0.26888,0.0,0.0,0.0,0.0176,0.99985
7.054,7.54455,0.28283,0.0,0.0,0.0,0.01742,0.99985
7.154,7.95996,0.29422,0.0,0.0,0.0,0.0072,0.99997
7.254,8.39129,0.30062,0.0,0.0,0.0,0.00211,1.0
7.354,8.83194,0.30986,0.0,0.0,0.0,0.01456,0.99989
7.454,9.22877,0.31962,0.0,0.0,0.0,0.01151,0.99993
7.554,9.75083,0.33551,0.0,0.0,0.0,0.01735,0.99985
7.654,10.16047,0.35019,0.0,0.0,0.0,0.01819,0.99983
7.754,10.70948,0.36574,0.0,0.0,0.0,0.01331,0.99991
7.854,11.20179,0.3791,0.0,0.0,0.0,0.01884,0.99982
7.954,11.70342,0.39329,0.0,0.0,0.0,0.01219,0.99993
8.054,12.2156,0.40944,0.0,0.0,0.0,0.01315,0.99991
8.154,12.73904,0.42102,0.0,0.0,0.0,0.0034,0.99999
8.254,13.27361,0.42413,0.0,0.0,0.0,-0.00357,0.99999
8.354,13.8163,0.42149,0.0,0.0,0.0,-0.00877,0.99996
8.454,14.47662,0.40428,0.0,0.0,0.0,-0.01183,0.99993
8.554,15.04427,0.38347,0.0,0.0,0.0,-0.01994,0.9998
8.654,15.62613,0.3587,0.0,0.0,0.0,-0.01783,0.99984
8.754,16.21968,0.33167,0.0,0.0,0.0,-0.02122,0.99977
8.854,16.617,0.31672,0.0,0.0,0.0,-0.01805,0.99984
8.954,17.4346,0.27432,0.0,0.0,0.0,-0.02733,0.99963
9.054,17.96258,0.25355,0.0,0.0,0.0,-0.02786,0.99961
9.154,18.47197,0.22553,0.0,0.0,0.0,-0.02781,0.99961
9.254,19.32753,0.18144,0.0,0.0,0.0,-0.02662,0.99965
9.354,19.97647,0.15321,0.0,0.0,0.0,-0.02074,0.99978
9.454,20.63594,0.12821,0.0,0.0,0.0,-0.01849,0.99983
9.554,21.21061,0.11165,0.0,0.0,0.0,-0.00734,0.99997
9.654,21.7511,0.10106,0.0,0.0,0.0,-0.01252,0.99992
9.754,22.67147,0.0802,0.0,0.0,0.0,-0.01251,0.99992
9.854,23.3711,0.06053,0.0,0.0,0.0,-0.01803,0.99984
9.954,23.84511,0.04874,0.0,0.0,0.0,-0.00834,0.99997
10.054,24.55533,0.01814,0.0,0.0,0.0,-0.02521,0.99968
10.154,25.53428,-0.01366,0.0,0.0,0.0,-0.01698,0.99986
10.254,26.02996,-0.03667,0.0,0.0,0.0,-0.02973,0.99956
10.354,27.02664,-0.08495,0.0,0.0,0.0,-0.01183,0.99993
10.454,27.79088,-0.10713,0.0,0.0,0.0,-0.01489,0.99989
10.554,28.56583,-0.12226,0.0,0.0,0.0,-0.01178,0.99993
10.654,29.34633,-0.12738,0.0,0.0,0.0,-0.00758,0.99997
10.754,30.15485,-0.13185,0.0,0.0,0.0,1e-05,1.0
10.854,30.96917,-0.11963,0.0,0.0,0.0,0.00973,0.99995
10.954,31.79802,-0.09807,0.0,0.0,0.0,0.01814,0.99984
11.054,32.64198,-0.07686,0.0,0.0,0.0,0.02285,0.99974
11.154,33.20663,-0.05571,0.0,0.0,0.0,0.01357,0.99991
11.254,34.3736,-0.01265,0.0,0.0,0.0,0.02529,0.99968
11.354,35.25833,0.03114,0.0,0.0,0.0,0.03287,0.99946
11.454,36.15527,0.07152,0.0,0.0,0.0,0.01482,0.99989
11.554,36.75308,0.09393,0.0,0.0,0.0,0.02422,0.99971
11.654,37.53242,0.13398,0.0,0.0,0.0,0.02528,0.99968
11.754,38.61999,0.176,0.0,0.0,0.0,0.01564,0.99988
11.854,39.40304,0.19758,0.0,0.0,0.0,0.0006,1.0
11.954,40.50108,0.20607,0.0,0.0,0.0,0.00541,0.99999
12.054,41.4689,0.23219,0.0,0.0,0.0,0.01719,0.99985
12.154,42.31058,0.26325,0.0,0.0,0.0,0.00694,0.99998
12.254,43.44056,0.29291,0.0,0.0,0.0,0.01455,0.99989
12.354,44.30102,0.31498,0.0,0.0,0.0,0.02101,0.99978
12.454,45.46611,0.34923,0.0,0.0,0.0,0.01892,0.99982
12.554,46.49199,0.37452,0.0,0.0,0.0,0.01099,0.99994
12.654,47.3927,0.39943,0.0,0.0,0.0,0.00641,0.99998
12.754,48.56436,0.42998,0.0,0.0,0.0,0.01395,0.9999
12.854,49.52736,0.45647,0.0,0.0,0.0,0.02067,0.99979
12.954,50.59651,0.49204,0.0,0.0,0.0,0.0148,0.99989
13.054,51.68978,0.51704,0.0,0.0,0.0,0.01425,0.9999
13.154,52.87261,0.54612,0.0,0.0,0.0,0.01173,0.99993
13.254,53.89123,0.56678,0.0,0.0,0.0,0.01641,0.99987
13.354,55.1092,0.57898,0.0,0.0,0.0,-0.00186,1.0
13.454,56.2265,0.57242,0.0,0.0,0.0,-0.00749,0.99997
13.554,57.29588,0.56635,0.0,0.0,0.0,-0.00101,1.0
13.654,58.51054,0.56436,0.0,0.0,0.0,-0.00072,1.0
13.754,59.66416,0.55533,0.0,0.0,0.0,-0.00107,1.0
13.854,60.82714,0.53978,0.0,0.0,0.0,-0.00915,0.99996
13.954,61.98146,0.50015,0.0,0.0,0.0,-0.0175,0.99985
14.054,63.17617,0.43775,0.0,0.0,0.0,-0.02661,0.99965
14.154,64.32155,0.36991,0.0,0.0,0.0,-0.02923,0.99957
14.254,65.47771,0.30082,0.0,0.0,0.0,-0.02516,0.99968
14.354,66.65119,0.24689,0.0,0.0,0.0,-0.01509,0.99989
14.454,67.81439,0.2005,0.0,0.0,0.0,-0.02224,0.99975
14.554,68.98342,0.14874,0.0,0.0,0.0,-0.02812,0.9996
14.654,70.16216,0.1015,0.0,0.0,0.0,-0.025,0.99969
14.754,71.34951,0.05418,0.0,0.0,0.0,-0.02563,0.99967
14.854,72.56972,-0.00334,0.0,0.0,0.0,-0.02902,0.99958
14.954,73.78806,-0.06051,0.0,0.0,0.0,-0.01495,0.99989
15.054,75.00334,-0.10808,0.0,0.0,0.0,-0.01845,0.99983
15.154,76.22991,-0.15265,0.0,0.0,0.0,-0.00816,0.99997
15.254,77.46616,-0.19022,0.0,0.0,0.0,-0.01273,0.99992
15.354,78.75996,-0.22939,0.0,0.0,0.0,-0.01829,0.99983
15.454,80.00952,-0.25727,0.0,0.0,0.0,-0.02145,0.99977
15.554,81.26214,-0.31128,0.0,0.0,0.0,-0.01701,0.99986
15.654,82.51806,-0.35809,0.0,0.0,0.0,-0.02768,0.99962
15.754,83.77229,-0.40352,0.0,0.0,0.0,-0.00495,0.99999
15.854,85.05427,-0.41841,0.0,0.0,0.0,-0.00896,0.99996
15.954,86.3098,-0.42211,0.0,0.0,0.0,0.00482,0.99999
16.054,87.56517,-0.39383,0.0,0.0,0.0,0.01834,0.99983
16.154,88.81786,-0.34753,0.0,0.0,0.0,0.03286,0.99946
16.254,90.05776,-0.25064,0.0,0.0,0.0,0.04667,0.99891
16.354,91.28503,-0.13458,0.0,0.0,0.0,0.05001,0.99875
16.454,92.49345,0.00226,0.0,0.0,0.0,0.06659,0.99778
16.554,93.67848,0.19782,0.0,0.0,0.0,0.08849,0.99608
16.654,94.73134,0.4139,0.0,0.0,0.0,0.14796,0.98899
16.754,95.54904,0.68377,0.0,0.0,0.0,0.17561,0.98446
16.854,96.50749,1.07669,0.0,0.0,0.0,0.24911,0.96848
16.954,97.2873,1.55531,0.0,0.0,0.0,0.31162,0.95021
17.054,97.98461,2.13651,0.0,0.0,0.0,0.40484,0.91439
17.154,98.48016,2.76504,0.0,0.0,0.0,0.44502,0.89552
17.254,99.00606,3.62152,0.0,0.0,0.0,0.57504,0.81813
17.354,99.28175,4.43369,0.0,0.0,0.0,0.58779,0.80902
17.454,99.4577,5.06928,0.0,0.0,0.0,0.63784,0.77017
17.554,99.56568,5.75065,0.0,0.0,0.0,0.66989,0.74246
17.654,99.61466,6.29515,0.0,0.0,0.0,0.68368,0.72978
17.754,99.6407,7.42595,0.0,0.0,0.0,0.71408,0.70006
17.854,99.61581,8.18273,0.0,0.0,0.0,0.72626,0.68742
17.954,99.57744,8.93333,0.0,0.0,0.0,0.71784,0.69621
18.054,99.55119,9.81754,0.0,0.0,0.0,0.71957,0.69442
18.154,99.53761,10.4163,0.0,0.0,0.0,0.71249,0.70169
18.254,99.53983,11.15583,0.0,0.0,0.0,0.70014,0.71401
18.354,99.54727,11.54392,0.0,0.0,0.0,0.69984,0.7143
18.454,99.59833,12.66913,0.0,0.0,0.0,0.67477,0.73803
18.554,99.67464,13.54968,0.0,0.0,0.0,0.67884,0.73429
18.654,99.72155,14.05115,0.0,0.0,0.0,0.66891,0.74334
18.754,99.81858,15.08089,0.0,0.0,0.0,0.66661,0.74541
18.854,99.84769,15.33538,0.0,0.0,0.0,0.66283,0.74877
18.954,99.99302,16.50637,0.0,0.0,0.0,0.65638,0.75443
19.054,100.11316,17.43505,0.0,0.0,0.0,0.65804,0.75298
19.154,100.23389,18.23528,0.0,0.0,0.0,0.65024,0.75973
19.254,100.35644,19.04638,0.0,0.0,0.0,0.65536,0.75532
19.354,100.48829,19.86588,0.0,0.0,0.0,0.6407,0.76779
19.454,100.62372,20.69662,0.0,0.0,0.0,0.65073,0.75931
19.554,100.74884,21.54233,0.0,0.0,0.0,0.64919,0.76062
19.654,100.86989,22.40052,0.0,0.0,0.0,0.65424,0.75629
19.754,100.95688,22.97392,0.0,0.0,0.0,0.65168,0.7585
19.854,101.07767,23.8571,0.0,0.0,0.0,0.66068,0.75067
19.954,101.23862,25.06629,0.0,0.0,0.0,0.6589,0.75223
20.054,101.3107,25.66972,0.0,0.0,0.0,0.66783,0.74432
20.154,101.4566,26.92124,0.0,0.0,0.0,0.67302,0.73963
20.254,101.48805,27.26245,0.0,0.0,0.0,0.67679,0.73618
20.354,101.60928,28.70087,0.0,0.0,0.0,0.68276,0.73065
20.454,101.6838,29.81659,0.0,0.0,0.0,0.68728,0.72639
20.554,101.73323,30.81355,0.0,0.0,0.0,0.7013,0.71287
20.654,101.7531,31.82606,0.0,0.0,0.0,0.69844,0.71567
20.754,101.75414,32.85275,0.0,0.0,0.0,0.71455,0.69958
20.854,101.74129,33.8939,0.0,0.0,0.0,0.71841,0.69562
20.954,101.71586,34.83092,0.0,0.0,0.0,0.71873,0.69529
21.054,101.67458,36.01638,0.0,0.0,0.0,0.72211,0.69177
21.154,101.63015,37.09554,0.0,0.0,0.0,0.72692,0.68672
21.254,101.56826,38.1014,0.0,0.0,0.0,0.73398,0.67917
21.354,101.47431,39.29402,0.0,0.0,0.0,0.73499,0.67807
21.454,101.40819,40.03053,0.0,0.0,0.0,0.74209,0.6703
21.554,101.23129,41.53918,0.0,0.0,0.0,0.73832,0.67445
21.654,101.14446,42.30049,0.0,0.0,0.0,0.75267,0.6584
21.754,100.97622,43.82834,0.0,0.0,0.0,0.74803,0.66366
21.854,100.81751,44.98765,0.0,0.0,0.0,0.75255,0.65853
21.954,100.69855,45.81637,0.0,0.0,0.0,0.76013,0.64977
22.054,100.44578,47.33213,0.0,0.0,0.0,0.77325,0.6341
22.154,100.24154,48.42373,0.0,0.0,0.0,0.77603,0.6307
22.254,99.94928,49.70082,0.0,0.0,0.0,0.78978,0.61339
22.354,99.64745,50.87814,0.0,0.0,0.0,0.79607,0.60521
22.454,99.29746,52.04435,0.0,0.0,0.0,0.80899,0.58782
22.554,98.91519,53.19926,0.0,0.0,0.0,0.81965,0.57286
22.654,98.51505,54.27767,0.0,0.0,0.0,0.8277,0.56117
22.754,98.19062,55.07113,0.0,0.0,0.0,0.83508,0.55013
22.854,97.52432,56.53952,0.0,0.0,0.0,0.84805,0.52992
22.954,96.9798,57.59438,0.0,0.0,0.0,0.86003,0.51024
23.054,96.60402,58.27129,0.0,0.0,0.0,0.86706,0.4982
23.154,95.79114,59.45042,0.0,0.0,0.0,0.91367,0.40646
23.254,95.09047,60.1445,0.0,0.0,0.0,0.94504,0.32694
23.354,94.8333,60.34017,0.0,0.0,0.0,0.95806,0.28656
23.454,93.6421,61.08712,0.0,0.0,0.0,0.98142,0.19186
23.554,92.77432,61.42844,0.0,0.0,0.0,0.98538,0.17039
23.654,91.91436,61.67616,0.0,0.0,0.0,0.99628,0.08621
23.754,91.03583,61.79446,0.0,0.0,0.0,0.99914,0.04144
23.854,90.17842,61.83644,0.0,0.0,0.0,-0.99991,0.01314
23.954,89.34216,61.78105,0.0,0.0,0.0,-0.99767,0.06819
24.054,88.79983,61.69075,0.0,0.0,0.0,-0.99411,0.10834
24.154,88.01417,61.51227,0.0,0.0,0.0,-0.99186,0.12732
24.254,87.23094,61.29213,0.0,0.0,0.0,-0.98832,0.15238
24.354,86.55893,61.06924,0.0,0.0,0.0,-0.98502,0.17245
24.454,85.80364,60.77369,0.0,0.0,0.0,-0.97838,0.20683
24.554,84.99879,60.41299,0.0,0.0,0.0,-0.97406,0.22628
24.654,84.27903,60.04415,0.0,0.0,0.0,-0.9656,0.26003
24.754,83.5819,59.62581,0.0,0.0,0.0,-0.95882,0.28401
24.854,82.90233,59.15598,0.0,0.0,0.0,-0.94869,0.31622
24.954,82.24618,58.63758,0.0,0.0,0.0,-0.93855,0.34513
25.054,81.61062,58.06945,0.0,0.0,0.0,-0.92658,0.37609
25.154,81.02717,57.46291,0.0,0.0,0.0,-0.91115,0.41208
25.254,80.47397,56.80893,0.0,0.0,0.0,-0.89609,0.44387
25.354,79.96399,56.11653,0.0,0.0,0.0,-0.88458,0.46638
25.454,79.51689,55.43105,0.0,0.0,0.0,-0.87224,0.48908
25.554,79.06802,54.64106,0.0,0.0,0.0,-0.85902,0.51195
25.654,78.7007,53.89988,0.0,0.0,0.0,-0.84493,0.53488
25.754,78.33233,53.08212,0.0,0.0,0.0,-0.83324,0.5529
25.854,78.00227,52.2588,0.0,0.0,0.0,-0.81789,0.57537
25.954,77.69265,51.38093,0.0,0.0,0.0,-0.81267,0.58272
26.054,77.40268,50.53293,0.0,0.0,0.0,-0.81018,0.58618
26.154,77.11355,49.66579,0.0,0.0,0.0,-0.81421,0.58057
26.254,76.83397,48.81824,0.0,0.0,0.0,-0.8117,0.58408
26.354,76.54403,47.90762,0.0,0.0,0.0,-0.79693,0.60407
26.454,76.29248,46.99969,0.0,0.0,0.0,-0.78941,0.61387
26.554,76.05231,46.0762,0.0,0.0,0.0,-0.79168,0.61093
26.654,75.82859,45.17345,0.0,0.0,0.0,-0.77642,0.63021
26.754,75.6495,44.23804,0.0,0.0,0.0,-0.74799,0.66371
26.854,75.57444,43.30068,0.0,0.0,0.0,-0.71706,0.69702
26.954,75.58074,42.35258,0.0,0.0,0.0,-0.68858,0.72516
27.054,75.65353,41.40532,0.0,0.0,0.0,-0.66604,0.74592
27.154,75.78856,40.4854,0.0,0.0,0.0,-0.64199,0.76671
27.254,75.95112,39.57211,0.0,0.0,0.0,-0.64173,0.76693
27.354,76.1217,38.67614,0.0,0.0,0.0,-0.63327,0.77393
27.454,76.31034,37.74011,0.0,0.0,0.0,-0.63357,0.77369
27.554,76.4974,36.83567,0.0,0.0,0.0,-0.62538,0.78032
27.654,76.6961,35.90735,0.0,0.0,0.0,-0.62831,0.77797
27.754,76.89121,34.95076,0.0,0.0,0.0,-0.64032,0.7681
27.854,77.05678,33.99868,0.0,0.0,0.0,-0.65665,0.75419
27.954,77.20312,33.03257,0.0,0.0,0.0,-0.65116,0.75894
28.054,77.32085,32.07124,0.0,0.0,0.0,-0.6716,0.74091
28.154,77.43625,31.05481,0.0,0.0,0.0,-0.66769,0.74444
28.254,77.54279,30.05505,0.0,0.0,0.0,-0.68155,0.73177
28.354,77.61522,29.02077,0.0,0.0,0.0,-0.68575,0.72784
28.454,77.67725,27.98453,0.0,0.0,0.0,-0.69249,0.72143
28.554,77.71342,26.94386,0.0,0.0,0.0,-0.70024,0.71391
28.654,77.73219,25.88015,0.0,0.0,0.0,-0.70503,0.70917
28.754,77.7356,24.8053,0.0,0.0,0.0,-0.7162,0.69789
28.854,77.70614,23.70932,0.0,0.0,0.0,-0.72598,0.68771
28.954,77.62759,22.51737,0.0,0.0,0.0,-0.74007,0.67252
29.054,77.52512,21.55194,0.0,0.0,0.0,-0.75453,0.65627
29.154,77.35479,20.49267,0.0,0.0,0.0,-0.77084,0.63702
29.254,77.14244,19.47631,0.0,0.0,0.0,-0.7898,0.61337
29.354,76.86567,18.50967,0.0,0.0,0.0,-0.81648,0.57738
29.454,76.51141,17.61,0.0,0.0,0.0,-0.83725,0.54682
29.554,76.11493,16.81351,0.0,0.0,0.0,-0.87612,0.48208
29.654,75.63712,16.13909,0.0,0.0,0.0,-0.90205,0.43163
29.754,75.10658,15.52621,0.0,0.0,0.0,-0.92622,0.37699
29.854,74.51807,14.99893,0.0,0.0,0.0,-0.94658,0.32247
29.954,73.92687,14.59917,0.0,0.0,0.0,-0.9723,0.23373
30.054,73.31617,14.3418,0.0,0.0,0.0,-0.99226,0.1242
30.154,72.69081,14.21122,0.0,0.0,0.0,-0.99911,0.04224
30.254,72.05863,14.19141,0.0,0.0,0.0,0.99964,0.02692
30.354,71.43956,14.25435,0.0,0.0,0.0,0.99658,0.08259
30.454,70.84595,14.37592,0.0,0.0,0.0,0.99121,0.13232
30.554,70.26808,14.55286,0.0,0.0,0.0,0.98318,0.18263
30.654,69.73513,14.78582,0.0,0.0,0.0,0.96975,0.24409
30.754,69.25003,15.07385,0.0,0.0,0.0,0.95384,0.30033
30.854,68.80783,15.40689,0.0,0.0,0.0,0.93381,0.35777
30.954,68.42141,15.78421,0.0,0.0,0.0,0.91145,0.41141
31.054,68.07933,16.20414,0.0,0.0,0.0,0.8887,0.4585
31.154,67.77757,16.66917,0.0,0.0,0.0,0.85666,0.51588
31.254,67.49844,17.2572,0.0,0.0,0.0,0.82293,0.56814
31.354,67.32308,17.77541,0.0,0.0,0.0,0.79313,0.60905
31.454,67.20121,18.2363,0.0,0.0,0.0,0.78222,0.623
31.554,67.08502,18.86042,0.0,0.0,0.0,0.75121,0.66006
31.654,67.02277,19.41429,0.0,0.0,0.0,0.73517,0.67788
31.754,66.98951,19.9799,0.0,0.0,0.0,0.71927,0.69473
31.854,66.97983,20.55045,0.0,0.0,0.0,0.708,0.70621
31.954,66.97413,21.13005,0.0,0.0,0.0,0.71397,0.70018
32.054,66.96543,21.51983,0.0,0.0,0.0,0.71713,0.69694
32.154,66.95172,21.976,0.0,0.0,0.0,0.71984,0.69414
32.254,66.89404,22.92116,0.0,0.0,0.0,0.73846,0.6743
32.354,66.83332,23.53482,0.0,0.0,0.0,0.74177,0.67066
32.454,66.76271,24.16172,0.0,0.0,0.0,0.75808,0.65217
32.554,66.67293,24.75667,0.0,0.0,0.0,0.76387,0.64538
32.654,66.5484,25.43978,0.0,0.0,0.0,0.77461,0.63244
32.754,66.41181,26.09108,0.0,0.0,0.0,0.78172,0.62363
32.854,66.24718,26.75126,0.0,0.0,0.0,0.78942,0.61386
32.954,66.07883,27.42436,0.0,0.0,0.0,0.79206,0.61044
33.054,65.89837,28.11119,0.0,0.0,0.0,0.79258,0.60976
33.154,65.71272,28.81357,0.0,0.0,0.0,0.78717,0.61674
33.254,65.62899,29.14897,0.0,0.0,0.0,0.79083,0.61204
33.354,65.33825,30.26304,0.0,0.0,0.0,0.7967,0.60437
33.454,65.12957,31.0056,0.0,0.0,0.0,0.79737,0.60349
33.554,64.9199,31.76421,0.0,0.0,0.0,0.79659,0.60452
33.654,64.71714,32.54191,0.0,0.0,0.0,0.79287,0.60939
33.754,64.6114,32.94502,0.0,0.0,0.0,0.78857,0.61495
33.854,64.4046,33.7498,0.0,0.0,0.0,0.79,0.6131
33.954,64.17195,34.7084,0.0,0.0,0.0,0.78503,0.61946
34.054,63.96158,35.54586,0.0,0.0,0.0,0.78721,0.61668
34.154,63.78655,36.29167,0.0,0.0,0.0,0.78133,0.62412
34.254,63.58652,37.17595,0.0,0.0,0.0,0.78064,0.62498
34.354,63.38223,38.07892,0.0,0.0,0.0,0.78112,0.62438
34.454,63.14859,39.13059,0.0,0.0,0.0,0.77501,0.63195
34.554,62.98884,39.94356,0.0,0.0,0.0,0.77567,0.63114
34.654,62.79344,40.91372,0.0,0.0,0.0,0.77248,0.63504
34.754,62.57786,42.03024,0.0,0.0,0.0,0.77493,0.63205
34.854,62.41455,42.88643,0.0,0.0,0.0,0.76548,0.64346
34.954,62.23288,43.92619,0.0,0.0,0.0,0.77111,0.6367
35.054,62.0032,44.98578,0.0,0.0,0.0,0.78244,0.62273
35.154,61.75121,46.00802,0.0,0.0,0.0,0.78962,0.61359
35.254,61.46721,47.03588,0.0,0.0,0.0,0.80025,0.59967
35.354,61.13069,48.13055,0.0,0.0,0.0,0.80791,0.58931
35.454,60.76565,49.16289,0.0,0.0,0.0,0.82354,0.56726
35.554,60.38724,50.13391,0.0,0.0,0.0,0.82324,0.56769
35.654,59.93313,51.22964,0.0,0.0,0.0,0.83853,0.54485
35.754,59.45188,52.26186,0.0,0.0,0.0,0.85333,0.52137
35.854,58.93392,53.24598,0.0,0.0,0.0,0.86207,0.50678
35.954,58.40526,54.14247,0.0,0.0,0.0,0.87705,0.4804
36.054,57.80205,55.06078,0.0,0.0,0.0,0.88482,0.46593
36.154,57.11942,55.98539,0.0,0.0,0.0,0.90436,0.42678
36.254,56.48871,56.68091,0.0,0.0,0.0,0.93292,0.36008
36.354,55.89686,57.15867,0.0,0.0,0.0,0.94972,0.31309
36.454,55.17837,57.60982,0.0,0.0,0.0,0.98029,0.19756
36.554,54.42867,57.91026,0.0,0.0,0.0,0.98353,0.18076
36.654,53.87396,58.08335,0.0,0.0,0.0,0.99479,0.10192
36.754,53.07193,58.23452,0.0,0.0,0.0,0.99922,0.03954
36.854,52.42053,58.25499,0.0,0.0,0.0,-0.99998,0.00586
36.954,51.72099,58.20242,0.0,0.0,0.0,-0.99399,0.10945
37.054,51.07396,58.02032,0.0,0.0,0.0,-0.98141,0.19192
37.154,50.49809,57.7342,0.0,0.0,0.0,-0.95703,0.29
37.254,49.98415,57.3431,0.0,0.0,0.0,-0.93106,0.36486
37.354,49.54288,56.89391,0.0,0.0,0.0,-0.89952,0.43687
37.454,49.19788,56.40083,0.0,0.0,0.0,-0.86354,0.50427
37.554,48.92215,55.87695,0.0,0.0,0.0,-0.85492,0.51875
37.654,48.66046,55.35863,0.0,0.0,0.0,-0.8481,0.52983
37.754,48.4101,54.83075,0.0,0.0,0.0,-0.8448,0.53508
37.854,48.1564,54.30924,0.0,0.0,0.0,-0.85095,0.52525
37.954,47.88546,53.77452,0.0,0.0,0.0,-0.85379,0.52062
38.054,47.60098,53.25593,0.0,0.0,0.0,-0.86879,0.49519
38.154,47.28934,52.74307,0.0,0.0,0.0,-0.88082,0.47345
38.254,46.94414,52.23817,0.0,0.0,0.0,-0.88612,0.46346
38.354,46.58405,51.72898,0.0,0.0,0.0,-0.89754,0.44093
38.454,46.19093,51.23226,0.0,0.0,0.0,-0.906,0.42327
38.554,45.7618,50.73997,0.0,0.0,0.0,-0.91645,0.40015
38.654,45.30943,50.26269,0.0,0.0,0.0,-0.92562,0.37844
38.754,44.83456,49.79014,0.0,0.0,0.0,-0.92849,0.37137
38.854,44.33456,49.32196,0.0,0.0,0.0,-0.93899,0.34394
38.954,43.80461,48.86779,0.0,0.0,0.0,-0.9356,0.35307
39.054,43.27744,48.39807,0.0,0.0,0.0,-0.92755,0.37371
39.154,42.75884,47.88992,0.0,0.0,0.0,-0.92396,0.38249
39.254,42.25415,47.35132,0.0,0.0,0.0,-0.90682,0.42152
39.354,41.77759,46.76209,0.0,0.0,0.0,-0.89841,0.43915
39.454,41.32215,46.14016,0.0,0.0,0.0,-0.88869,0.45851
39.554,40.87357,45.48999,0.0,0.0,0.0,-0.88279,0.46976
39.654,40.43793,44.82122,0.0,0.0,0.0,-0.87403,0.48588
39.754,40.01711,44.11607,0.0,0.0,0.0,-0.86647,0.49923
39.854,39.59993,43.40577,0.0,0.0,0.0,-0.87083,0.49158
39.954,39.16305,42.68325,0.0,0.0,0.0,-0.86997,0.4931
40.054,38.71811,41.95993,0.0,0.0,0.0,-0.87023,0.49264
40.154,38.26265,41.22537,0.0,0.0,0.0,-0.87631,0.48175
40.254,37.79623,40.48328,0.0,0.0,0.0,-0.88102,0.47307
40.354,37.29677,39.74958,0.0,0.0,0.0,-0.87908,0.47667
40.454,36.78782,39.00568,0.0,0.0,0.0,-0.89188,0.45227
40.554,36.23761,38.27145,0.0,0.0,0.0,-0.89602,0.44402
40.654,35.6703,37.53062,0.0,0.0,0.0,-0.89825,0.43948
40.754,35.08608,36.78182,0.0,0.0,0.0,-0.89864,0.43868
40.854,34.4879,36.02247,0.0,0.0,0.0,-0.90095,0.43391
40.954,33.87126,35.25813,0.0,0.0,0.0,-0.9019,0.43195
41.054,33.22611,34.47035,0.0,0.0,0.0,-0.90446,0.42655
41.154,32.58309,33.68639,0.0,0.0,0.0,-0.90124,0.43332
41.254,31.91952,32.90119,0.0,0.0,0.0,-0.91423,0.4052
41.354,31.20955,32.13656,0.0,0.0,0.0,-0.92327,0.38416
41.454,30.46477,31.38463,0.0,0.0,0.0,-0.92998,0.36762
41.554,29.67268,30.6582,0.0,0.0,0.0,-0.92987,0.36788
41.654,28.86371,29.91489,0.0,0.0,0.0,-0.93333,0.35901
41.754,27.86519,29.04607,0.0,0.0,0.0,-0.93939,0.34285
41.854,27.17369,28.47921,0.0,0.0,0.0,-0.9437,0.33079
41.954,26.10638,27.63171,0.0,0.0,0.0,-0.94777,0.31895
42.054,25.17995,26.95304,0.0,0.0,0.0,-0.95282,0.30354
42.154,24.38879,26.41361,0.0,0.0,0.0,-0.95985,0.2805
42.254,23.85272,26.0806,0.0,0.0,0.0,-0.96715,0.25422
42.354,22.28812,25.26451,0.0,0.0,0.0,-0.97874,0.20511
42.454,21.62158,24.97706,0.0,0.0,0.0,-0.98253,0.18612
42.554,20.45453,24.66798,0.0,0.0,0.0,-0.99944,0.03333
42.654,19.58683,24.65472,0.0,0.0,0.0,0.99968,0.02526
42.754,18.83514,24.73817,0.0,0.0,0.0,0.9961,0.08827
42.854,18.12829,24.89649,0.0,0.0,0.0,0.98665,0.16284
42.954,17.44959,25.12697,0.0,0.0,0.0,0.98182,0.18983
43.054,16.92594,25.37746,0.0,0.0,0.0,0.96989,0.24355
43.154,16.2202,25.78873,0.0,0.0,0.0,0.95616,0.29283
43.254,15.65928,26.19324,0.0,0.0,0.0,0.93938,0.34288
43.354,15.22987,26.56956,0.0,0.0,0.0,0.92576,0.37812
43.454,14.6858,27.13342,0.0,0.0,0.0,0.91273,0.40856
43.554,14.24593,27.64438,0.0,0.0,0.0,0.90493,0.42557
43.654,13.80061,28.1654,0.0,0.0,0.0,0.90886,0.4171
43.754,13.34939,28.6801,0.0,0.0,0.0,0.91058,0.41334
43.854,13.04659,29.02051,0.0,0.0,0.0,0.91405,0.4056
43.954,12.41336,29.70527,0.0,0.0,0.0,0.92217,0.38678
44.054,12.19944,29.9201,0.0,0.0,0.0,0.92768,0.37338
44.154,11.40718,30.64829,0.0,0.0,0.0,0.93874,0.34464
44.254,10.81135,31.13869,0.0,0.0,0.0,0.94227,0.33486
44.354,10.42874,31.43474,0.0,0.0,0.0,0.95178,0.30679
44.454,9.615,32.01059,0.0,0.0,0.0,0.95573,0.29425
44.554,8.98603,32.42578,0.0,0.0,0.0,0.959,0.28341
44.654,8.34156,32.83703,0.0,0.0,0.0,0.96113,0.27611
44.754,7.90484,33.11158,0.0,0.0,0.0,0.96103,0.27644
44.854,7.02005,33.65724,0.0,0.0,0.0,0.96211,0.27266
44.954,6.57393,33.92822,0.0,0.0,0.0,0.96389,0.26629
45.054,5.88898,34.35753,0.0,0.0,0.0,0.96076,0.27737
45.154,4.99204,34.90702,0.0,0.0,0.0,0.96285,0.27004
45.254,4.25957,35.36596,0.0,0.0,0.0,0.95872,0.28436
45.354,3.54349,35.81395,0.0,0.0,0.0,0.96396,0.26606
45.454,2.81682,36.26744,0.0,0.0,0.0,0.96205,0.27287
45.554,2.08354,36.73583,0.0,0.0,0.0,0.95667,0.29118
45.654,1.36377,37.24261,0.0,0.0,0.0,0.94865,0.31633
45.754,0.65746,37.79006,0.0,0.0,0.0,0.94174,0.33635
45.854,-0.03742,38.37292,0.0,0.0,0.0,0.93809,0.3464
45.954,-0.72533,38.98453,0.0,0.0,0.0,0.92855,0.3712
46.054,-1.40035,39.62858,0.0,0.0,0.0,0.92837,0.37165
46.154,-2.08552,40.28698,0.0,0.0,0.0,0.92736,0.37416
46.254,-2.43825,40.62588,0.0,0.0,0.0,0.92854,0.37123
46.354,-3.14106,41.29265,0.0,0.0,0.0,0.92727,0.3744
46.454,-3.85701,41.9653,0.0,0.0,0.0,0.93282,0.36035
46.554,-4.71009,42.73098,0.0,0.0,0.0,0.93856,0.34512
46.654,-5.36566,43.28681,0.0,0.0,0.0,0.94195,0.33576
46.754,-6.16572,43.91954,0.0,0.0,0.0,0.94663,0.32231
46.854,-7.14692,44.64659,0.0,0.0,0.0,0.95004,0.31211
46.954,-7.96357,45.2466,0.0,0.0,0.0,0.95529,0.29566
47.054,-8.85711,45.8425,0.0,0.0,0.0,0.9581,0.28645
47.154,-9.75777,46.4145,0.0,0.0,0.0,0.96031,0.27893
47.254,-10.68513,46.98853,0.0,0.0,0.0,0.9647,0.26336
47.354,-11.47917,47.47791,0.0,0.0,0.0,0.95858,0.28481
47.454,-12.57839,48.15778,0.0,0.0,0.0,0.96281,0.27017
47.554,-13.52796,48.74549,0.0,0.0,0.0,0.9613,0.27549
47.654,-14.36536,49.27595,0.0,0.0,0.0,0.95814,0.28629
47.754,-15.4384,50.00786,0.0,0.0,0.0,0.95282,0.30353
47.854,-16.28224,50.62612,0.0,0.0,0.0,0.94567,0.32512
47.954,-17.2901,51.42787,0.0,0.0,0.0,0.9396,0.34227
48.054,-18.17916,52.2049,0.0,0.0,0.0,0.92806,0.37243
48.154,-18.94522,52.94027,0.0,0.0,0.0,0.92219,0.38674
48.254,-19.85721,53.91891,0.0,0.0,0.0,0.91149,0.41132
48.354,-20.62706,54.77799,0.0,0.0,0.0,0.91397,0.40579
48.454,-21.43573,55.65633,0.0,0.0,0.0,0.91686,0.39922
48.554,-22.19301,56.44562,0.0,0.0,0.0,0.92709,0.37484
48.654,-23.04898,57.26977,0.0,0.0,0.0,0.93308,0.35967
48.754,-24.0183,58.10251,0.0,0.0,0.0,0.94192,0.33584
48.854,-24.95554,58.82703,0.0,0.0,0.0,0.94972,0.31311
48.954,-25.89519,59.48694,0.0,0.0,0.0,0.95636,0.29218
49.054,-26.85785,60.09794,0.0,0.0,0.0,0.96525,0.26131
49.154,-27.76617,60.6259,0.0,0.0,0.0,0.96824,0.25003
49.254,-28.73514,61.12241,0.0,0.0,0.0,0.97928,0.20251
49.354,-29.76866,61.56617,0.0,0.0,0.0,0.97991,0.19943
49.454,-30.73931,61.94282,0.0,0.0,0.0,0.98639,0.16444
49.554,-31.68231,62.22166,0.0,0.0,0.0,0.99485,0.10139
49.654,-32.58029,62.36734,0.0,0.0,0.0,0.99908,0.04294
49.754,-33.57747,62.38836,0.0,0.0,0.0,-0.9992,0.04007
49.854,-34.4817,62.28037,0.0,0.0,0.0,-0.99481,0.10172
49.954,-35.35519,62.05853,0.0,0.0,0.0,-0.98577,0.16808
50.054,-36.09163,61.76671,0.0,0.0,0.0,-0.97315,0.23015
50.154,-36.82863,61.34882,0.0,0.0,0.0,-0.95298,0.30303
50.254,-37.52089,60.82597,0.0,0.0,0.0,-0.93676,0.34998
50.354,-38.11317,60.27014,0.0,0.0,0.0,-0.91802,0.39652
50.454,-38.62507,59.68904,0.0,0.0,0.0,-0.89947,0.43698
50.554,-39.13771,59.00954,0.0,0.0,0.0,-0.88637,0.46297
50.654,-39.57796,58.34436,0.0,0.0,0.0,-0.8721,0.48932
50.754,-39.98108,57.64194,0.0,0.0,0.0,-0.85267,0.52246
50.854,-40.33897,56.92221,0.0,0.0,0.0,-0.83595,0.54881
50.954,-40.661,56.15052,0.0,0.0,0.0,-0.82055,0.57158
51.054,-40.93761,55.36789,0.0,0.0,0.0,-0.80361,0.59516
51.154,-41.16503,54.58111,0.0,0.0,0.0,-0.78241,0.62277
51.254,-41.31569,53.7594,0.0,0.0,0.0,-0.74738,0.6644
51.354,-41.37151,52.96461,0.0,0.0,0.0,-0.71046,0.70374
51.454,-41.33386,52.14776,0.0,0.0,0.0,-0.65676,0.7541
51.554,-41.19289,51.3645,0.0,0.0,0.0,-0.61369,0.78955
51.654,-40.96066,50.61539,0.0,0.0,0.0,-0.55228,0.83366
51.754,-40.64362,49.90023,0.0,0.0,0.0,-0.52372,0.85189
51.854,-40.28542,49.22463,0.0,0.0,0.0,-0.50022,0.8659
51.954,-39.89933,48.57688,0.0,0.0,0.0,-0.4727,0.88122
52.054,-39.47286,47.94395,0.0,0.0,0.0,-0.45109,0.89248
52.154,-39.02634,47.35539,0.0,0.0,0.0,-0.43047,0.90261
52.254,-38.54687,46.77958,0.0,0.0,0.0,-0.39873,0.91707
52.354,-38.0179,46.2352,0.0,0.0,0.0,-0.3702,0.92895
52.454,-37.41859,45.69359,0.0,0.0,0.0,-0.34118,0.94
52.554,-36.82405,45.207,0.0,0.0,0.0,-0.33642,0.94171
52.654,-36.21067,44.72113,0.0,0.0,0.0,-0.3188,0.94782
52.754,-35.58923,44.24813,0.0,0.0,0.0,-0.33202,0.94327
52.854,-34.95971,43.73823,0.0,0.0,0.0,-0.33771,0.94125
52.954,-34.35338,43.21721,0.0,0.0,0.0,-0.35199,0.93601
53.054,-33.74831,42.67787,0.0,0.0,0.0,-0.34518,0.93853
53.154,-33.12839,42.13742,0.0,0.0,0.0,-0.35214,0.93595
53.254,-32.50604,41.58169,0.0,0.0,0.0,-0.37048,0.92884
53.354,-31.88979,41.00182,0.0,0.0,0.0,-0.36968,0.92916
53.454,-31.26072,40.40695,0.0,0.0,0.0,-0.36714,0.93017
53.554,-30.62808,39.81084,0.0,0.0,0.0,-0.36962,0.92918
53.654,-29.98104,39.2113,0.0,0.0,0.0,-0.36065,0.9327
53.754,-29.32739,38.60319,0.0,0.0,0.0,-0.37451,0.92722
53.854,-28.66792,37.98036,0.0,0.0,0.0,-0.36035,0.93282
53.954,-27.99812,37.34826,0.0,0.0,0.0,-0.38569,0.92263
54.054,-27.32508,36.70331,0.0,0.0,0.0,-0.37432,0.9273
54.154,-26.63873,36.05311,0.0,0.0,0.0,-0.37144,0.92846
54.254,-25.95204,35.38216,0.0,0.0,0.0,-0.3926,0.91971
54.354,-25.27482,34.68474,0.0,0.0,0.0,-0.39892,0.91699
54.454,-24.61427,33.95386,0.0,0.0,0.0,-0.41206,0.91116
54.554,-23.95626,33.20096,0.0,0.0,0.0,-0.42349,0.9059
54.654,-23.31411,32.41506,0.0,0.0,0.0,-0.44088,0.89757
54.754,-22.68888,31.58165,0.0,0.0,0.0,-0.44833,0.89387
54.854,-22.06719,30.73826,0.0,0.0,0.0,-0.45427,0.89087
54.954,-21.46157,29.86455,0.0,0.0,0.0,-0.47702,0.87889
55.054,-20.87334,28.95799,0.0,0.0,0.0,-0.47936,0.87762
55.154,-20.29183,28.02871,0.0,0.0,0.0,-0.49131,0.87098
55.254,-19.72787,27.06669,0.0,0.0,0.0,-0.50398,0.86371
55.354,-19.18812,26.07536,0.0,0.0,0.0,-0.50918,0.86066
55.454,-18.65098,25.07345,0.0,0.0,0.0,-0.52574,0.85064
55.554,-18.16774,24.06227,0.0,0.0,0.0,-0.54553,0.83809
55.654,-17.74268,23.04092,0.0,0.0,0.0,-0.56243,0.82685
55.754,-17.35864,22.00689,0.0,0.0,0.0,-0.58167,0.81342
55.854,-17.01431,20.97507,0.0,0.0,0.0,-0.58513,0.81094
55.954,-16.68747,19.93047,0.0,0.0,0.0,-0.59012,0.80732
56.054,-16.31562,18.6939,0.0,0.0,0.0,-0.60051,0.79962
56.154,-16.21627,18.34862,0.0,0.0,0.0,-0.6044,0.79668
56.254,-15.7401,16.58179,0.0,0.0,0.0,-0.61355,0.78965
56.354,-15.46034,15.51127,0.0,0.0,0.0,-0.60754,0.79429
56.454,-15.21296,14.58235,0.0,0.0,0.0,-0.61282,0.79022
56.554,-14.90815,13.33156,0.0,0.0,0.0,-0.6214,0.78349
56.654,-14.73864,12.58672,0.0,0.0,0.0,-0.62531,0.78037
56.754,-14.37475,11.0973,0.0,0.0,0.0,-0.61392,0.78937
56.854,-14.09494,9.96435,0.0,0.0,0.0,-0.61694,0.78701
56.954,-13.80543,8.82449,0.0,0.0,0.0,-0.61092,0.79169
57.054,-13.48175,7.67941,0.0,0.0,0.0,-0.59735,0.80198
57.154,-13.10825,6.54091,0.0,0.0,0.0,-0.56526,0.82491
57.254,-12.63243,5.4537,0.0,0.0,0.0,-0.52192,0.85299
57.354,-12.41488,5.03671,0.0,0.0,0.0,-0.49166,0.87079
57.454,-11.57628,3.92507,0.0,0.0,0.0,-0.35943,0.93317
57.554,-10.81066,3.31546,0.0,0.0,0.0,-0.33704,0.94149
57.654,-10.3302,2.95098,0.0,0.0,0.0,-0.26344,0.96467
57.754,-9.67015,2.60926,0.0,0.0,0.0,-0.22683,0.97393
57.854,-8.30936,2.02399,0.0,0.0,0.0,-0.14447,0.98951
57.954,-7.41303,1.78594,0.0,0.0,0.0,-0.10601,0.99437
58.054,-7.01855,1.70423,0.0,0.0,0.0,-0.08635,0.99627
58.154,-5.62713,1.45837,0.0,0.0,0.0,-0.07939,0.99684
58.254,-4.74573,1.31514,0.0,0.0,0.0,-0.07513,0.99717
58.354,-3.87392,1.1825,0.0,0.0,0.0,-0.07501,0.99718
58.454,-3.00553,1.04654,0.0,0.0,0.0,-0.06897,0.99762
58.554,-2.43171,0.9641,0.0,0.0,0.0,-0.07319,0.99732
58.654,-1.28668,0.78108,0.0,0.0,0.0,-0.08672,0.99623
58.754,-0.39917,0.63215,0.0,0.0,0.0,-0.0762,0.99709
58.854,0.47871,0.50432,0.0,0.0,0.0,-0.0751,0.99718
58.954,1.35885,0.36502,0.0,0.0,0.0,-0.08802,0.99612
59.054,2.24582,0.2301,0.0,0.0,0.0,-0.07504,0.99718
59.154,3.14199,0.09079,0.0,0.0,0.0,-0.07163,0.99743
59.254,4.03546,-0.05508,0.0,0.0,0.0,-0.07299,0.99733
59.354,4.95773,-0.19408,0.0,0.0,0.0,-0.07945,0.99684
59.454,5.87977,-0.33372,0.0,0.0,0.0,-0.08187,0.99664
59.554,6.81007,-0.47221,0.0,0.0,0.0,-0.07522,0.99717
59.654,7.74824,-0.60937,0.0,0.0,0.0,-0.06544,0.99786
59.754,8.37376,-0.69771,0.0,0.0,0.0,-0.07577,0.99713
59.854,9.18866,-0.80152,0.0,0.0,0.0,-0.05897,0.99826
59.954,10.30543,-0.94334,0.0,0.0,0.0,-0.06774,0.9977
60.054,11.29082,-1.06361,0.0,0.0,0.0,-0.05754,0.99834
60.154,12.1499,-1.14613,0.0,0.0,0.0,-0.04604,0.99894
60.254,13.15988,-1.22534,0.0,0.0,0.0,-0.02965,0.99956
